user_id,tweet_count,retweet_count,quoted_count,reply_count,like_count
1436476220137517056,6.0,279.0,0.0,9.0,324.0
1399334978807271427,57.0,27.0,4.0,120.0,107.0
227492857,26.0,20.0,29.0,22.0,496.0
4776380363,33.0,213.0,11.0,16.0,55.0
604943966,0.0,11.0,1.0,8.0,491.0
445754812,4.0,114.0,0.0,3.0,477.0
1019341022827024384,28.0,100.0,42.0,49.0,472.0
1203323317,0.0,29.0,0.0,13.0,490.0
2977348702,8.0,84.0,15.0,28.0,486.0
1078728242675269632,74.0,379.0,17.0,0.0,10.0
925114806251802624,0.0,902.0,0.0,4.0,475.0
17161050,1.0,11.0,0.0,14.0,493.0
830014045658812417,0.0,727.0,2.0,151.0,490.0
1298993684046680070,1009.0,77.0,0.0,0.0,119.0
53936897,177.0,269.0,3.0,8.0,427.0
93354926,0.0,0.0,0.0,0.0,351.0
50993731,217.0,449.0,0.0,0.0,30.0
2350182300,0.0,1170.0,0.0,0.0,473.0
247332938,40.0,27.0,23.0,139.0,469.0
14352430,625.0,99.0,125.0,440.0,0.0
164386441,259.0,228.0,353.0,453.0,447.0
2670402421,320.0,219.0,50.0,185.0,444.0
735191785,936.0,224.0,152.0,1.0,452.0
1699871916,0.0,3.0,0.0,0.0,232.0
2176525802,99.0,173.0,11.0,54.0,43.0
335538600,29.0,16.0,12.0,295.0,60.0
121300501,15.0,74.0,2.0,6.0,126.0
44474920,1277.0,40.0,9.0,43.0,56.0
1519055582,1.0,1432.0,6.0,26.0,485.0
42506440,254.0,286.0,0.0,4.0,287.0
859665235,887.0,100.0,85.0,52.0,231.0
1379682277,20.0,322.0,0.0,71.0,482.0
740365008,131.0,91.0,14.0,929.0,395.0
1423435571133779968,0.0,3.0,0.0,74.0,489.0
533886512,4.0,38.0,22.0,111.0,467.0
69017389,4.0,62.0,0.0,0.0,466.0
148559999,98.0,67.0,26.0,139.0,455.0
1382004301984362496,11.0,347.0,11.0,33.0,476.0
1178788188011339776,52.0,114.0,8.0,29.0,443.0
1412997982186844160,16.0,98.0,4.0,11.0,203.0
4243206739,22.0,89.0,26.0,18.0,51.0
3782156306,19.0,8.0,4.0,57.0,465.0
310273490,23.0,0.0,1.0,20.0,270.0
779451,372.0,57.0,29.0,205.0,107.0
288894265,28.0,28.0,17.0,44.0,474.0
408092457,0.0,361.0,2.0,189.0,493.0
1367363669189795842,96.0,6.0,4.0,284.0,459.0
751789089700077568,11.0,16.0,13.0,30.0,287.0
2570836322,165.0,118.0,44.0,289.0,462.0
1283822688524554240,148.0,393.0,82.0,667.0,431.0
17736967,73.0,24.0,4.0,80.0,120.0
1441487286483525634,117.0,6.0,33.0,1167.0,4.0
631770998,0.0,75.0,0.0,77.0,471.0
16620841,17.0,325.0,6.0,60.0,482.0
209274125,13.0,81.0,14.0,118.0,484.0
1378666119913857025,7.0,109.0,3.0,73.0,478.0
821721555981963268,5.0,221.0,1.0,24.0,479.0
1629891422,5.0,42.0,1.0,30.0,476.0
1335043121265172481,5.0,6.0,0.0,199.0,7.0
1198922167318122496,1.0,40.0,0.0,16.0,475.0
1349076186467508228,2.0,4.0,0.0,122.0,428.0
266518490,241.0,635.0,0.0,8.0,4.0
23347826,49.0,983.0,76.0,188.0,232.0
913589067736059904,77.0,135.0,0.0,0.0,13.0
949142600899903488,0.0,515.0,0.0,0.0,483.0
1179274145709752320,11.0,98.0,1.0,15.0,166.0
2933899527,0.0,0.0,3.0,13.0,341.0
1450383729407537152,0.0,89.0,0.0,1.0,255.0
2248398172,28.0,489.0,62.0,522.0,496.0
1431556516033798146,283.0,1205.0,0.0,0.0,63.0
1365487108241113089,13.0,899.0,0.0,372.0,490.0
1365748983516299270,52.0,1050.0,0.0,14.0,449.0
1367603084512395265,31.0,0.0,0.0,173.0,52.0
1398919287142764547,2.0,714.0,5.0,97.0,484.0
1415741709263294467,0.0,188.0,0.0,0.0,485.0
1368276403683291143,1.0,736.0,0.0,6.0,490.0
1395347096580988930,10.0,35.0,0.0,3.0,192.0
1398738446429130763,12.0,125.0,0.0,19.0,313.0
1415415996966260738,6.0,1405.0,1.0,49.0,487.0
1363921185482883074,27.0,1264.0,37.0,1.0,491.0
1433708729166352384,0.0,0.0,0.0,340.0,444.0
1432773321016463362,49.0,1277.0,58.0,13.0,476.0
1717079064,9.0,627.0,0.0,219.0,460.0
1397718201161551873,11.0,0.0,0.0,0.0,483.0
1313848051937800195,12.0,17.0,0.0,42.0,479.0
1427699157620379650,0.0,159.0,0.0,0.0,415.0
1436958923970461697,0.0,49.0,0.0,0.0,493.0
1458089954303778818,77.0,45.0,0.0,40.0,81.0
1326653123067322369,20.0,208.0,5.0,74.0,251.0
1425634285848076293,2.0,1.0,0.0,61.0,208.0
1325833922383654913,43.0,146.0,0.0,10.0,270.0
1443997158131347457,194.0,248.0,0.0,3.0,278.0
1449762145453940739,46.0,737.0,31.0,54.0,250.0
1441999732302172160,2.0,15.0,0.0,0.0,312.0
226864230,39.0,246.0,13.0,5.0,492.0
1315267510682476546,15.0,16.0,6.0,17.0,204.0
1426447062678347783,0.0,206.0,0.0,0.0,2.0
866041710748585984,5.0,248.0,5.0,1.0,493.0
739795227658100737,0.0,625.0,0.0,25.0,492.0
1208311956874158081,0.0,5.0,1.0,23.0,345.0
893891810568884225,3.0,211.0,1.0,9.0,488.0
4840640763,78.0,50.0,13.0,19.0,411.0
1415332575934095362,63.0,47.0,5.0,23.0,489.0
1409479110636838916,34.0,14.0,11.0,1.0,313.0
937558397989335040,19.0,134.0,8.0,0.0,249.0
3653871142,1.0,73.0,0.0,31.0,399.0
32902648,1.0,4.0,0.0,0.0,195.0
295693413,3.0,86.0,1.0,1.0,155.0
4025618243,91.0,61.0,1.0,0.0,181.0
4219046133,4.0,145.0,0.0,1.0,232.0
486798850,31.0,0.0,0.0,152.0,51.0
807187,330.0,132.0,12.0,30.0,113.0
51321492,38.0,10.0,0.0,19.0,330.0
1364714424217567234,4.0,207.0,0.0,4.0,288.0
1367746332027465730,0.0,90.0,0.0,5.0,249.0
1445287223029604354,2.0,0.0,0.0,17.0,409.0
1365709298613899264,94.0,828.0,97.0,199.0,485.0
3314622593,37.0,817.0,5.0,12.0,491.0
1357690237380661248,4.0,712.0,0.0,3.0,488.0
2798188582,1.0,0.0,0.0,10.0,266.0
1291015010869817345,149.0,909.0,45.0,39.0,438.0
1392353948284162048,5.0,3.0,4.0,48.0,471.0
1302270789530644481,6.0,18.0,0.0,39.0,457.0
1207943803337891840,53.0,43.0,0.0,19.0,100.0
1080013086629810176,0.0,1.0,0.0,1.0,440.0
1577899160,111.0,839.0,44.0,218.0,0.0
1358983500263751680,5.0,5.0,4.0,25.0,186.0
1416765316831526915,0.0,0.0,0.0,35.0,459.0
249683742,20.0,200.0,0.0,245.0,31.0
1052860927958245377,0.0,3.0,0.0,6.0,493.0
703688459760898048,2.0,50.0,0.0,183.0,341.0
1435874708197715970,0.0,21.0,0.0,5.0,469.0
1301196159415988224,3.0,5.0,1.0,11.0,315.0
1444711730043490310,2.0,7.0,1.0,14.0,432.0
1444201910291009536,5.0,14.0,0.0,1.0,363.0
4201124843,0.0,40.0,0.0,43.0,462.0
1454019696408285185,66.0,1.0,0.0,22.0,196.0
996853284429336576,44.0,319.0,0.0,3.0,276.0
1023932909961576448,1421.0,13.0,5.0,32.0,491.0
1354113897557590023,1.0,0.0,0.0,1.0,438.0
58499436,14.0,0.0,0.0,486.0,222.0
1447878377801715721,5.0,399.0,0.0,24.0,375.0
1572631,118.0,564.0,111.0,167.0,494.0
1075913251924467712,12.0,94.0,22.0,42.0,458.0
1176624759208955905,104.0,17.0,13.0,368.0,179.0
18511698,72.0,586.0,147.0,415.0,0.0
1430118945827270694,0.0,426.0,0.0,7.0,0.0
187680232,250.0,1167.0,45.0,7.0,486.0
1392206823202164737,4.0,188.0,0.0,145.0,256.0
1432009219411169291,534.0,39.0,0.0,3.0,0.0
1431123949765677057,0.0,967.0,0.0,2.0,482.0
878125202294456320,0.0,1273.0,0.0,146.0,481.0
1224793652968353792,69.0,343.0,34.0,208.0,458.0
1211772892477657088,0.0,1331.0,1.0,142.0,0.0
1365228792,1.0,99.0,1.0,12.0,453.0
722514906155618304,2.0,78.0,0.0,2.0,389.0
1421150099888087041,19.0,107.0,0.0,5.0,172.0
707916023,4.0,61.0,0.0,13.0,485.0
1195646957668184070,10.0,84.0,16.0,12.0,494.0
1236154144324534272,0.0,30.0,1.0,318.0,471.0
4118132300,7.0,5.0,5.0,7.0,195.0
3010026786,59.0,94.0,50.0,374.0,487.0
27703315,13.0,23.0,7.0,62.0,478.0
734228556910186498,4.0,70.0,1.0,5.0,255.0
17474951,0.0,4.0,0.0,6.0,273.0
75362354,8.0,705.0,0.0,2.0,435.0
1308989220602642433,2.0,65.0,1.0,7.0,276.0
2183863662,125.0,36.0,15.0,121.0,261.0
1585173372,0.0,0.0,0.0,0.0,234.0
635591553,2.0,51.0,0.0,9.0,485.0
1201567101758033920,28.0,53.0,33.0,36.0,403.0
1289668419818668032,0.0,1.0,0.0,2.0,482.0
158458753,53.0,36.0,18.0,59.0,477.0
749553807202193409,3.0,0.0,2.0,4.0,198.0
1020246728619057153,80.0,1.0,20.0,196.0,475.0
1324043728659513344,53.0,58.0,3.0,43.0,481.0
2483323158,13.0,9.0,0.0,1.0,427.0
1252347311755112450,79.0,22.0,6.0,61.0,470.0
422053158,0.0,50.0,8.0,2.0,179.0
931300190782332928,0.0,1.0,0.0,0.0,473.0
89094753,0.0,18.0,0.0,0.0,462.0
403519043,73.0,33.0,13.0,134.0,360.0
1327560577070338049,0.0,5.0,0.0,4.0,321.0
24456060,136.0,46.0,5.0,63.0,193.0
1170864175079247873,10.0,231.0,0.0,0.0,335.0
1374140628016234498,223.0,71.0,0.0,300.0,150.0
1353104850477703169,0.0,23.0,0.0,77.0,439.0
1440321227608920077,104.0,230.0,181.0,116.0,459.0
1347460027636879361,3.0,123.0,0.0,0.0,209.0
1449501231148253187,13.0,112.0,0.0,5.0,483.0
207164294,24.0,215.0,1.0,18.0,444.0
1298252483383316485,0.0,135.0,0.0,1.0,438.0
1454595862924087299,5.0,80.0,1.0,67.0,471.0
1371642665008197633,6.0,181.0,1.0,2.0,298.0
1428131244982771712,14.0,422.0,6.0,22.0,470.0
1428057595449946114,12.0,1365.0,2.0,57.0,475.0
39673716,201.0,171.0,8.0,38.0,489.0
384468124,17.0,30.0,13.0,18.0,487.0
1312799099087851521,0.0,18.0,1.0,10.0,319.0
185746968,277.0,167.0,276.0,551.0,464.0
633652108,17.0,29.0,0.0,5.0,476.0
1294995914940129280,26.0,65.0,12.0,63.0,490.0
15935333,25.0,3.0,0.0,118.0,366.0
502400573,25.0,28.0,7.0,17.0,156.0
881476963810115584,5.0,676.0,1.0,136.0,470.0
770319650672480257,57.0,74.0,21.0,362.0,486.0
1214504047421665280,271.0,1.0,0.0,0.0,3.0
268149335,30.0,454.0,14.0,507.0,484.0
4881377359,0.0,1.0,1.0,0.0,206.0
1178443331841462272,45.0,53.0,25.0,39.0,287.0
838796833933623297,22.0,26.0,6.0,25.0,462.0
1241990259774296064,6.0,2.0,3.0,4.0,320.0
1411698795310690305,18.0,172.0,2.0,129.0,435.0
3369888724,454.0,545.0,47.0,172.0,491.0
1443339344606023680,5.0,545.0,0.0,114.0,494.0
1148989000750964740,12.0,1.0,1.0,1.0,394.0
2678928462,1.0,0.0,0.0,234.0,16.0
1419055753005092875,1.0,4.0,0.0,3.0,463.0
1458181465871691786,2.0,126.0,18.0,103.0,199.0
1428519052289495042,0.0,5.0,0.0,0.0,498.0
62985876,24.0,54.0,1.0,7.0,244.0
1407706755782483972,128.0,279.0,1.0,1.0,205.0
108696069,0.0,0.0,0.0,1.0,407.0
1427424527051640833,0.0,129.0,0.0,4.0,474.0
2474203825,33.0,21.0,8.0,45.0,201.0
1209517929160683521,63.0,60.0,0.0,3.0,376.0
1413566953302732802,8.0,118.0,60.0,31.0,458.0
1423005730806894593,309.0,472.0,70.0,3.0,481.0
1111093625096536065,8.0,940.0,0.0,0.0,0.0
1164428928993378304,242.0,532.0,71.0,33.0,47.0
1419237645956395010,39.0,178.0,0.0,5.0,413.0
1410948032938586113,34.0,781.0,1.0,18.0,489.0
1415680543975383040,0.0,1473.0,0.0,11.0,382.0
1362473093172764673,3.0,153.0,1.0,9.0,157.0
1457030428058136581,23.0,200.0,26.0,46.0,283.0
1436727865119285248,0.0,162.0,0.0,2.0,141.0
1389562365998505985,482.0,527.0,1.0,0.0,391.0
1431618613438554112,46.0,25.0,0.0,15.0,482.0
1329512701652066304,0.0,99.0,0.0,0.0,102.0
4894172889,13.0,87.0,26.0,68.0,159.0
1173666183930728450,10.0,264.0,4.0,0.0,284.0
717737616683216897,18.0,0.0,0.0,11.0,462.0
1316809838823796736,11.0,491.0,0.0,195.0,474.0
1305496267603099648,28.0,212.0,39.0,16.0,286.0
1041650678580432898,103.0,150.0,0.0,5.0,19.0
1352308963530989571,48.0,661.0,0.0,0.0,484.0
1259201427685011459,2.0,60.0,0.0,6.0,228.0
1403445734997954563,13.0,295.0,0.0,135.0,337.0
778685846220255237,4.0,76.0,2.0,3.0,269.0
1441005882020663298,0.0,117.0,2.0,8.0,485.0
1424700313903280128,7.0,496.0,0.0,2.0,17.0
1429963010605412375,1.0,567.0,0.0,0.0,126.0
1426739608205684739,227.0,226.0,10.0,113.0,460.0
1363315704137736195,136.0,138.0,0.0,0.0,126.0
1416867220865572864,77.0,459.0,0.0,123.0,467.0
1448305630725423114,0.0,54.0,0.0,0.0,497.0
1341782758985707523,0.0,0.0,0.0,11.0,334.0
1429695575751016448,31.0,147.0,2.0,4.0,485.0
1368813207674974212,42.0,950.0,5.0,19.0,496.0
1347053445706993664,228.0,966.0,0.0,220.0,481.0
1330702098523107329,0.0,386.0,0.0,35.0,431.0
3462616953,25.0,701.0,1.0,12.0,25.0
791692078023663616,115.0,1296.0,53.0,6.0,186.0
1428677425601388548,1.0,1420.0,0.0,20.0,166.0
1186306093934415872,3.0,4.0,0.0,1.0,486.0
770267627520454656,4.0,182.0,0.0,13.0,493.0
1064575300611309568,24.0,117.0,0.0,52.0,303.0
4172492187,5.0,1144.0,3.0,1.0,17.0
1436349218004815878,3.0,1005.0,0.0,6.0,496.0
1401527850553970688,0.0,911.0,0.0,0.0,29.0
1446535537515499530,3.0,360.0,0.0,23.0,371.0
1418831068044701700,4.0,965.0,0.0,91.0,313.0
1274418749437808645,23.0,1004.0,0.0,169.0,482.0
1359170810624290827,63.0,287.0,0.0,47.0,479.0
1434644593329332227,14.0,256.0,0.0,0.0,494.0
1425148782514253825,1.0,1318.0,3.0,4.0,482.0
1363407526532939778,70.0,170.0,14.0,72.0,25.0
1355995221390143494,288.0,289.0,73.0,153.0,370.0
1305813871223951362,53.0,4.0,0.0,0.0,425.0
1295026280535134210,0.0,3.0,0.0,19.0,456.0
3032698869,13.0,1367.0,1.0,15.0,226.0
1293643612610342913,0.0,0.0,0.0,88.0,208.0
1405050624538906624,39.0,2.0,0.0,1.0,430.0
1098610964583329793,227.0,5.0,0.0,0.0,35.0
1387695636242440192,34.0,4.0,2.0,9.0,190.0
1450021546089750530,39.0,61.0,0.0,7.0,256.0
1402665635478491136,84.0,49.0,0.0,0.0,500.0
896407334100115456,289.0,82.0,13.0,295.0,99.0
1443930825951694850,62.0,49.0,1.0,27.0,304.0
747219315095666689,525.0,936.0,0.0,0.0,476.0
19462974,317.0,251.0,10.0,189.0,230.0
1416092791050948608,212.0,3.0,0.0,1.0,190.0
1242836088579915779,54.0,211.0,13.0,3.0,31.0
1194026671,957.0,291.0,20.0,186.0,471.0
954068200307773450,61.0,971.0,22.0,372.0,452.0
1337004495096700930,0.0,554.0,0.0,0.0,497.0
1439192696178941958,189.0,1103.0,49.0,47.0,451.0
1045535341183004672,4.0,174.0,0.0,0.0,492.0
1316659915507879938,56.0,153.0,0.0,4.0,464.0
1420974393082085380,3.0,124.0,15.0,95.0,487.0
2205787556,9.0,9.0,2.0,4.0,186.0
1378863269042126850,5.0,758.0,17.0,5.0,0.0
1653505488,70.0,44.0,5.0,193.0,455.0
125226894,5.0,1317.0,0.0,6.0,492.0
26366836,4.0,193.0,4.0,5.0,265.0
1071211848949788673,7.0,2.0,0.0,120.0,482.0
1468785409,2.0,30.0,1.0,3.0,185.0
2493969451,68.0,155.0,142.0,329.0,185.0
1357844036988645376,0.0,0.0,0.0,0.0,473.0
342171012,90.0,193.0,6.0,90.0,454.0
1260888677128888321,2.0,193.0,15.0,1.0,496.0
1302472304,108.0,35.0,6.0,2.0,64.0
904296230192381952,215.0,145.0,180.0,711.0,346.0
104090332,6.0,183.0,9.0,13.0,470.0
1110720214235140096,45.0,6.0,0.0,53.0,110.0
805134350,85.0,45.0,35.0,182.0,485.0
108137773,3.0,245.0,1.0,65.0,490.0
1204770822,36.0,20.0,11.0,30.0,155.0
957005849544806405,38.0,850.0,50.0,48.0,496.0
3238161350,92.0,1158.0,182.0,30.0,490.0
1020779484537065473,7.0,390.0,0.0,20.0,475.0
1436728338094100480,123.0,904.0,0.0,261.0,498.0
2842405003,84.0,1.0,0.0,142.0,19.0
1359921881944649732,12.0,438.0,0.0,6.0,490.0
1191721165859041285,31.0,124.0,3.0,12.0,374.0
1301130754336972801,40.0,93.0,4.0,8.0,74.0
53633786,29.0,84.0,4.0,125.0,488.0
1420447281266970626,1.0,51.0,1.0,233.0,476.0
574425832,137.0,25.0,69.0,269.0,484.0
806923486870568960,4.0,1391.0,0.0,4.0,0.0
3308791739,1.0,93.0,3.0,0.0,492.0
428482532,258.0,647.0,1.0,11.0,0.0
1362297701430403074,0.0,3.0,0.0,0.0,468.0
1402503589784821760,8.0,6.0,1.0,215.0,52.0
256138645,14.0,170.0,32.0,67.0,481.0
914820657736712193,1.0,10.0,0.0,6.0,432.0
1455047611711475716,5.0,2.0,0.0,5.0,437.0
1445426212248166404,18.0,14.0,1.0,119.0,452.0
1352262117471219712,27.0,76.0,1.0,13.0,210.0
1436704032056303621,0.0,265.0,0.0,0.0,240.0
1264910991718047745,0.0,2.0,0.0,0.0,422.0
874562035400441860,7.0,1.0,0.0,122.0,473.0
1431270227275362312,0.0,0.0,0.0,0.0,481.0
1423009967167127565,1.0,1288.0,4.0,9.0,0.0
1433379579180109825,74.0,11.0,214.0,254.0,79.0
981231725379506176,185.0,44.0,11.0,36.0,102.0
1440341129547837453,1361.0,137.0,0.0,1.0,486.0
1426242317753589766,736.0,719.0,0.0,8.0,483.0
3044094875,1369.0,2.0,0.0,7.0,12.0
1138635071534108672,305.0,88.0,18.0,106.0,458.0
1420621092381765636,601.0,1.0,0.0,1.0,10.0
1356164617005887490,52.0,29.0,20.0,72.0,269.0
37274267,549.0,83.0,0.0,6.0,0.0
1324611024138473472,602.0,0.0,0.0,0.0,9.0
1319451609181659138,384.0,1.0,0.0,13.0,196.0
1310063810376392705,24.0,2.0,3.0,423.0,478.0
450197375,50.0,200.0,34.0,351.0,482.0
1366692179859628032,12.0,17.0,4.0,54.0,278.0
113285287,54.0,1182.0,122.0,85.0,318.0
697902503241711616,0.0,68.0,4.0,13.0,492.0
34406526,0.0,9.0,8.0,1.0,483.0
3460308373,1.0,605.0,4.0,18.0,466.0
915764719,1.0,46.0,0.0,145.0,489.0
152198098,0.0,0.0,0.0,3.0,428.0
14138266,20.0,39.0,56.0,10.0,404.0
1432055177473892354,4.0,1090.0,13.0,227.0,485.0
187615430,20.0,57.0,4.0,30.0,475.0
156424593,4.0,84.0,15.0,162.0,487.0
824435921307238400,2.0,67.0,0.0,40.0,497.0
2494093591,0.0,3.0,2.0,7.0,414.0
833636678,0.0,554.0,0.0,11.0,497.0
3086048152,34.0,10.0,0.0,106.0,407.0
1437764140731351043,0.0,15.0,0.0,1.0,287.0
804726393401724929,8.0,144.0,0.0,10.0,266.0
43886616,40.0,39.0,18.0,5.0,331.0
1041920328434417664,2.0,134.0,0.0,0.0,133.0
779899015576027136,18.0,291.0,4.0,18.0,171.0
1407325320,19.0,28.0,4.0,6.0,305.0
426741764,0.0,5.0,0.0,2.0,365.0
780777784264110081,5.0,193.0,1.0,24.0,333.0
1204782617238888453,5.0,104.0,2.0,15.0,461.0
1329459160346398723,106.0,936.0,28.0,126.0,479.0
1163800262991126528,19.0,141.0,7.0,4.0,254.0
1421511404214001677,67.0,102.0,19.0,70.0,45.0
1425146110046359565,757.0,721.0,0.0,8.0,481.0
1450030738389282818,16.0,1384.0,7.0,54.0,489.0
1422974566729764868,43.0,84.0,1.0,26.0,485.0
1460444590222237699,1.0,164.0,0.0,0.0,443.0
1438533195125960710,0.0,363.0,0.0,1.0,383.0
3430466620,1.0,194.0,0.0,0.0,157.0
368855202,0.0,41.0,1.0,1.0,312.0
1430574322322743299,41.0,301.0,0.0,1.0,114.0
966640820945383424,0.0,1249.0,0.0,10.0,489.0
1441868396392374277,1.0,692.0,0.0,1.0,289.0
754330882446651392,377.0,174.0,73.0,430.0,391.0
1339900147917058050,0.0,419.0,0.0,5.0,476.0
2536738414,37.0,60.0,0.0,7.0,125.0
1428588207105576965,1.0,12.0,0.0,65.0,365.0
1437420664131133440,0.0,385.0,4.0,0.0,488.0
785804521209331712,2.0,151.0,0.0,6.0,397.0
113144585,24.0,1420.0,33.0,0.0,491.0
1432059745771397125,0.0,320.0,0.0,0.0,302.0
2995243611,1.0,16.0,0.0,1.0,252.0
123572714,49.0,230.0,0.0,0.0,2.0
1398206043063083008,0.0,11.0,0.0,1.0,500.0
932997964720586752,65.0,844.0,0.0,3.0,499.0
1411386695086399489,1.0,20.0,0.0,1.0,386.0
1386122014725976064,37.0,104.0,10.0,1.0,90.0
1430537020674347017,0.0,213.0,0.0,1.0,202.0
1177797009371226112,2.0,183.0,1.0,8.0,438.0
1346143592469950466,503.0,9.0,2.0,7.0,91.0
373209557,76.0,486.0,0.0,173.0,491.0
1216757212862930947,930.0,102.0,9.0,76.0,135.0
322733346,7.0,363.0,11.0,66.0,469.0
996599774160871425,5.0,20.0,3.0,11.0,421.0
401953891,14.0,75.0,2.0,0.0,148.0
1415135887348965381,22.0,48.0,26.0,153.0,480.0
1334038281252712454,1.0,67.0,0.0,1.0,171.0
1344954454408388608,12.0,864.0,0.0,349.0,0.0
1273537715741523969,49.0,1.0,2.0,208.0,7.0
720402702,13.0,109.0,7.0,17.0,213.0
1392974359820738565,3.0,36.0,3.0,10.0,386.0
985619430,17.0,21.0,0.0,73.0,279.0
1443336595239747585,39.0,997.0,3.0,57.0,467.0
817365058024013825,60.0,344.0,0.0,2.0,368.0
1007008448377126912,3.0,11.0,2.0,128.0,299.0
1198661899648487424,7.0,0.0,0.0,1.0,328.0
1407744749071634435,0.0,10.0,0.0,2.0,447.0
1444366884242173966,17.0,0.0,0.0,0.0,317.0
1442496335307964418,27.0,147.0,0.0,55.0,164.0
1406513054406283264,3.0,2.0,18.0,20.0,456.0
1354446970140696580,4.0,21.0,0.0,6.0,364.0
1412488574713450504,1.0,0.0,0.0,1.0,250.0
1453274871040024592,45.0,60.0,12.0,44.0,244.0
1256907584914755585,72.0,782.0,42.0,431.0,483.0
1458788221459046405,14.0,121.0,0.0,12.0,456.0
1222093357515558912,1.0,49.0,0.0,4.0,436.0
1450707874355814404,41.0,193.0,11.0,13.0,490.0
1061766100663230464,7.0,102.0,0.0,9.0,489.0
845081732349071360,90.0,56.0,93.0,8.0,411.0
1254395844931072001,1.0,7.0,0.0,2.0,198.0
1256718144212787200,193.0,142.0,0.0,44.0,469.0
19570738,37.0,106.0,27.0,67.0,485.0
322276773,148.0,218.0,94.0,133.0,478.0
23750541,11.0,2.0,0.0,17.0,464.0
1101978867114405888,0.0,22.0,0.0,8.0,300.0
1240522785065062400,17.0,46.0,0.0,0.0,260.0
3359640004,18.0,56.0,5.0,3.0,148.0
1122959615488978944,63.0,67.0,2.0,29.0,491.0
171219507,5.0,201.0,22.0,8.0,488.0
276495313,2.0,127.0,3.0,5.0,265.0
3693877877,35.0,5.0,6.0,0.0,199.0
1135012787166547969,12.0,74.0,4.0,1.0,174.0
760238978301693952,2.0,2.0,0.0,13.0,495.0
1197541114556768256,92.0,1129.0,122.0,109.0,492.0
324331427,87.0,211.0,2.0,79.0,470.0
4892812935,0.0,15.0,0.0,1.0,268.0
1078336976,0.0,125.0,2.0,18.0,248.0
1374340735022067716,4.0,159.0,42.0,107.0,486.0
1076561201474228224,1.0,3.0,0.0,1.0,479.0
942365002358575105,13.0,1378.0,0.0,62.0,477.0
245687464,12.0,967.0,0.0,31.0,486.0
40165090,189.0,88.0,10.0,26.0,356.0
983461255695491073,7.0,0.0,1.0,54.0,467.0
22753574,112.0,439.0,88.0,10.0,77.0
316426419,2.0,723.0,0.0,62.0,477.0
252287406,56.0,152.0,43.0,85.0,489.0
1234474200343207936,46.0,38.0,16.0,4.0,102.0
830068003492487168,27.0,78.0,11.0,109.0,462.0
2241206854,4.0,61.0,0.0,283.0,495.0
384128670,0.0,1451.0,3.0,15.0,489.0
1010680476661579776,0.0,3.0,0.0,0.0,480.0
432208485,32.0,140.0,0.0,64.0,287.0
1271011485934931974,48.0,134.0,0.0,14.0,248.0
798279062133293061,28.0,66.0,28.0,13.0,154.0
2698683483,0.0,17.0,0.0,0.0,184.0
347874947,23.0,816.0,52.0,330.0,435.0
136417728,16.0,207.0,3.0,53.0,287.0
1389838004970311685,0.0,125.0,1.0,350.0,468.0
847966725010317312,1.0,70.0,1.0,7.0,165.0
1392877644,6.0,23.0,0.0,33.0,479.0
357504105,3.0,887.0,3.0,133.0,481.0
731610494,7.0,5.0,0.0,836.0,410.0
14431484,0.0,1.0,0.0,0.0,492.0
2439738216,55.0,22.0,5.0,80.0,140.0
1045558302170656768,74.0,1.0,12.0,58.0,180.0
1131799945751748608,0.0,0.0,0.0,1.0,314.0
2860762079,1.0,165.0,2.0,2.0,425.0
981766472006594565,0.0,325.0,0.0,1.0,497.0
1422054677290446851,210.0,57.0,6.0,203.0,464.0
191550575,3.0,33.0,2.0,53.0,157.0
326083770,5.0,5.0,9.0,349.0,485.0
500508194,32.0,35.0,4.0,13.0,467.0
123372063,100.0,36.0,18.0,377.0,0.0
137696735,4.0,31.0,1.0,3.0,432.0
192872514,1.0,5.0,1.0,11.0,355.0
1413033006516736002,18.0,8.0,2.0,53.0,121.0
2544080622,10.0,54.0,11.0,37.0,480.0
1304315744197304320,259.0,1.0,38.0,0.0,439.0
3009613959,0.0,1220.0,0.0,1.0,489.0
1458322726427447298,8.0,607.0,1.0,2.0,481.0
1450769940068323328,0.0,385.0,0.0,0.0,23.0
1460644548368125967,13.0,477.0,12.0,2.0,418.0
1329811856798658563,1.0,207.0,0.0,4.0,429.0
1459394455992254466,56.0,13.0,0.0,58.0,135.0
1426838180205060097,44.0,1325.0,93.0,2.0,493.0
1012470985759617024,105.0,523.0,20.0,260.0,491.0
1411697223298134097,45.0,248.0,16.0,33.0,490.0
1273366193185980423,5.0,28.0,1.0,12.0,229.0
1424298568601460738,1.0,85.0,0.0,2.0,263.0
1365975014554693637,0.0,5.0,1.0,0.0,498.0
1159098535087935489,395.0,0.0,199.0,217.0,488.0
1424798292123267077,107.0,792.0,12.0,5.0,487.0
1358216316830814211,155.0,374.0,35.0,252.0,452.0
829262265467674624,87.0,153.0,1.0,1.0,33.0
971908543275180033,0.0,1.0,0.0,0.0,427.0
2644598112,14.0,3.0,5.0,8.0,479.0
1372833478752935936,380.0,17.0,0.0,1.0,37.0
949609594380341248,0.0,275.0,17.0,0.0,309.0
1429078758246559754,894.0,102.0,104.0,0.0,497.0
1102245099319246849,7.0,58.0,0.0,3.0,191.0
1315831325715300352,12.0,66.0,6.0,78.0,144.0
137600094,0.0,74.0,0.0,0.0,226.0
1449320796292272129,38.0,141.0,3.0,28.0,488.0
982398866,134.0,1018.0,103.0,147.0,469.0
1329501999549865988,30.0,276.0,19.0,10.0,13.0
1319948561300193280,0.0,1433.0,0.0,4.0,477.0
1404724414822952967,6.0,59.0,0.0,7.0,498.0
1429724566620942343,3.0,537.0,1.0,12.0,491.0
1385839830781792257,1.0,1144.0,0.0,0.0,279.0
775019898003087360,12.0,485.0,7.0,69.0,0.0
1432232297655422982,11.0,446.0,0.0,40.0,248.0
1389959946553511941,0.0,272.0,0.0,0.0,379.0
1014829559827566592,212.0,194.0,5.0,730.0,485.0
2377100161,1.0,35.0,0.0,32.0,478.0
3042114221,2.0,215.0,0.0,18.0,495.0
528239425,93.0,13.0,12.0,124.0,426.0
7584632,4.0,12.0,0.0,11.0,251.0
1003869794,27.0,7.0,10.0,60.0,476.0
35532153,1.0,44.0,2.0,11.0,481.0
67946122,106.0,101.0,13.0,16.0,497.0
54897063,4.0,9.0,5.0,1.0,291.0
40116624,673.0,57.0,1.0,1.0,500.0
15889747,16.0,0.0,11.0,80.0,477.0
14081052,11.0,2.0,11.0,179.0,401.0
2219941644,52.0,86.0,6.0,1.0,100.0
1117447614,53.0,10.0,17.0,10.0,346.0
803785095622508544,1.0,88.0,0.0,18.0,465.0
1382731086002814984,24.0,21.0,9.0,47.0,385.0
3061072094,13.0,67.0,17.0,25.0,230.0
1289141537868328963,4.0,10.0,0.0,160.0,491.0
1341790493311700999,14.0,175.0,38.0,22.0,446.0
47479606,86.0,272.0,13.0,42.0,415.0
78039625,105.0,123.0,6.0,2.0,93.0
991220096,25.0,57.0,2.0,3.0,485.0
54943916,9.0,118.0,2.0,5.0,331.0
1374900311458988035,6.0,29.0,0.0,2.0,244.0
1447421530481123330,68.0,142.0,140.0,104.0,484.0
2604007915,6.0,18.0,5.0,35.0,487.0
1191419884565078018,11.0,150.0,0.0,4.0,325.0
976430798,5.0,364.0,3.0,10.0,493.0
458073961,8.0,4.0,6.0,14.0,318.0
316447937,11.0,117.0,0.0,1.0,264.0
1833465584,23.0,135.0,19.0,65.0,486.0
1389318710,35.0,15.0,21.0,61.0,249.0
1102505318049816576,96.0,102.0,41.0,165.0,476.0
755501524474789888,41.0,41.0,22.0,27.0,466.0
191161442,9.0,8.0,3.0,6.0,458.0
4700600912,68.0,505.0,41.0,352.0,407.0
928318040567091215,5.0,303.0,1.0,15.0,402.0
14929587,337.0,71.0,33.0,202.0,444.0
267704342,97.0,112.0,14.0,59.0,484.0
4105843032,136.0,45.0,234.0,408.0,479.0
18196517,175.0,676.0,184.0,311.0,481.0
704994322249179136,15.0,181.0,7.0,76.0,0.0
1131902071,33.0,169.0,12.0,66.0,283.0
971325093224820736,10.0,734.0,13.0,214.0,0.0
1750241,17.0,53.0,0.0,3.0,484.0
2316218167,3.0,1.0,0.0,398.0,479.0
2730784061,25.0,7.0,9.0,198.0,480.0
4180026304,17.0,485.0,22.0,28.0,430.0
2395849044,19.0,75.0,3.0,13.0,448.0
913880205898416136,12.0,6.0,1.0,21.0,420.0
1379937221755686912,81.0,999.0,78.0,98.0,413.0
290630231,133.0,118.0,12.0,47.0,469.0
1293211653765505026,27.0,162.0,5.0,1086.0,0.0
1594048405,57.0,608.0,4.0,89.0,448.0
731520881583898624,1.0,352.0,0.0,6.0,463.0
1092203704474836998,123.0,25.0,4.0,592.0,408.0
868342598,107.0,650.0,5.0,577.0,459.0
999660886997585920,40.0,250.0,2.0,210.0,485.0
1097914056634183681,5.0,1197.0,44.0,81.0,0.0
752258008357408769,0.0,12.0,0.0,6.0,325.0
915833414682542080,230.0,64.0,4.0,117.0,373.0
990760240797896704,5.0,6.0,0.0,2.0,307.0
1126818066,36.0,205.0,15.0,34.0,282.0
46500808,85.0,85.0,169.0,24.0,300.0
1319545832589447169,1.0,3.0,0.0,0.0,209.0
2875771452,13.0,367.0,23.0,192.0,490.0
1166340404410761216,12.0,35.0,1.0,80.0,457.0
50491233,0.0,1.0,0.0,1.0,478.0
27753442,10.0,21.0,9.0,66.0,117.0
440973240,1.0,117.0,4.0,8.0,493.0
1284938941406367744,8.0,81.0,4.0,5.0,478.0
1150041608043319299,42.0,102.0,46.0,190.0,462.0
3294186552,13.0,102.0,10.0,23.0,478.0
173173792,67.0,106.0,47.0,242.0,476.0
15976638,25.0,170.0,83.0,164.0,478.0
1251242316746174465,0.0,0.0,0.0,0.0,335.0
2986188163,0.0,12.0,0.0,34.0,481.0
1030886652221292544,30.0,18.0,27.0,63.0,452.0
1218745458555703298,176.0,5.0,4.0,13.0,211.0
758913998498607104,10.0,104.0,11.0,99.0,476.0
786022441021689856,6.0,2.0,9.0,6.0,197.0
827644957,0.0,35.0,1.0,0.0,241.0
801559960568008704,0.0,52.0,0.0,11.0,491.0
2768811981,0.0,0.0,0.0,1.0,303.0
800361942887985152,0.0,207.0,0.0,22.0,332.0
833170411605028864,7.0,56.0,13.0,32.0,481.0
191211938,14.0,584.0,22.0,351.0,0.0
4407333676,0.0,4.0,0.0,0.0,316.0
1278476679698984960,40.0,20.0,2.0,67.0,483.0
14034352,0.0,0.0,0.0,5.0,485.0
1461223621,0.0,2.0,0.0,1.0,206.0
1244053344043204608,0.0,0.0,0.0,1.0,457.0
35394538,12.0,11.0,0.0,74.0,459.0
17196714,6.0,636.0,21.0,72.0,485.0
929676502479884288,0.0,0.0,0.0,0.0,253.0
1257621715385024512,75.0,801.0,76.0,391.0,485.0
1380857144052867078,139.0,711.0,375.0,160.0,449.0
154824200,0.0,1256.0,0.0,210.0,417.0
7633432,36.0,365.0,1.0,2.0,482.0
14118467,19.0,157.0,7.0,10.0,465.0
11272522,7.0,16.0,16.0,3.0,310.0
4132781,103.0,47.0,12.0,134.0,463.0
18261310,71.0,601.0,47.0,374.0,0.0
905686322274324481,0.0,0.0,0.0,0.0,485.0
62356851,16.0,40.0,1.0,14.0,262.0
16479726,1.0,17.0,0.0,0.0,231.0
1405153560267038721,13.0,1172.0,243.0,37.0,472.0
468545333,7.0,7.0,0.0,43.0,192.0
273446123,2.0,15.0,2.0,3.0,487.0
1242844834412494848,169.0,198.0,57.0,100.0,334.0
846847389977772033,7.0,147.0,0.0,21.0,485.0
197661887,990.0,326.0,2.0,26.0,94.0
942306240083795970,0.0,718.0,0.0,473.0,468.0
1243944830654468096,7.0,76.0,2.0,4.0,489.0
1064248598630727682,18.0,24.0,1.0,238.0,480.0
1347953124,1.0,736.0,1.0,48.0,483.0
1206309751618985985,0.0,80.0,0.0,34.0,330.0
62859640,51.0,1032.0,306.0,52.0,494.0
3149971383,16.0,0.0,0.0,155.0,390.0
1428754577700970498,26.0,153.0,32.0,880.0,283.0
67726714,5.0,25.0,6.0,219.0,470.0
1388993242402787330,16.0,44.0,3.0,53.0,362.0
338591120,26.0,45.0,39.0,98.0,0.0
621998206,16.0,243.0,53.0,50.0,261.0
116314524,282.0,230.0,256.0,514.0,437.0
451779219,54.0,842.0,11.0,172.0,483.0
319449737,238.0,385.0,89.0,213.0,454.0
394788738,17.0,618.0,7.0,48.0,314.0
802000177544515584,163.0,1169.0,48.0,97.0,476.0
2870400550,39.0,245.0,53.0,164.0,476.0
759910962,1.0,152.0,4.0,2.0,105.0
1364659145136361476,14.0,353.0,0.0,0.0,254.0
1432408230999830529,56.0,1.0,0.0,14.0,473.0
1402131614893805570,0.0,0.0,0.0,1.0,468.0
759636717569708032,45.0,331.0,6.0,26.0,0.0
1417246495003209729,4.0,6.0,0.0,29.0,450.0
15684633,58.0,311.0,83.0,241.0,475.0
21411188,59.0,1003.0,4.0,9.0,485.0
1447980378208161793,0.0,196.0,0.0,0.0,203.0
1343603158854086662,375.0,75.0,53.0,150.0,394.0
1418270484001591300,90.0,30.0,0.0,32.0,102.0
1323060514872852480,73.0,7.0,621.0,3.0,365.0
3489876442,1.0,116.0,0.0,0.0,157.0
153793909,5.0,264.0,0.0,8.0,455.0
18711876,6.0,30.0,13.0,43.0,479.0
15147298,13.0,1157.0,3.0,257.0,480.0
961631501816233984,272.0,8.0,134.0,621.0,350.0
1212384987363700736,4.0,10.0,2.0,55.0,144.0
1709354312,3.0,11.0,4.0,20.0,312.0
1528754492,0.0,0.0,0.0,0.0,284.0
1036434532591919106,69.0,0.0,0.0,327.0,405.0
1356433508332433411,78.0,130.0,55.0,318.0,463.0
1446943294102061063,48.0,11.0,1.0,40.0,212.0
1366894195521122305,0.0,8.0,1.0,6.0,487.0
18402469,38.0,98.0,58.0,132.0,480.0
109755622,12.0,1255.0,0.0,194.0,490.0
1233463828685475845,63.0,30.0,10.0,73.0,271.0
33139891,0.0,12.0,0.0,3.0,206.0
1058635591,6.0,246.0,0.0,4.0,458.0
1229083944546689024,59.0,37.0,0.0,8.0,174.0
1109931964583170049,124.0,303.0,117.0,481.0,0.0
73383500,27.0,94.0,0.0,0.0,122.0
190191666,117.0,97.0,9.0,139.0,332.0
338452775,1.0,89.0,11.0,2.0,163.0
1440195060,425.0,0.0,0.0,7.0,397.0
37438690,23.0,36.0,2.0,5.0,182.0
1243048034520440837,39.0,145.0,5.0,28.0,354.0
1375933415405588480,11.0,71.0,0.0,1.0,140.0
1276494541793701888,23.0,94.0,3.0,39.0,93.0
760861569156804608,14.0,383.0,0.0,7.0,484.0
2368330795,0.0,7.0,0.0,21.0,426.0
4097606367,9.0,16.0,16.0,5.0,176.0
1198244114531307521,2.0,1.0,0.0,0.0,452.0
123184323,34.0,151.0,11.0,5.0,332.0
1120694002041413632,22.0,359.0,0.0,0.0,496.0
620098597,12.0,476.0,14.0,13.0,493.0
498080340,4.0,46.0,0.0,1.0,208.0
961291266418819072,54.0,198.0,20.0,3.0,337.0
543803143,6.0,95.0,3.0,0.0,263.0
1107434743656648706,35.0,63.0,25.0,29.0,263.0
1227327787,3.0,217.0,3.0,15.0,485.0
1208004089302409216,37.0,726.0,82.0,20.0,482.0
163363457,1.0,29.0,2.0,1.0,267.0
910558670852943874,3.0,51.0,0.0,0.0,194.0
2593114759,22.0,78.0,2.0,12.0,198.0
426508225,10.0,96.0,0.0,9.0,153.0
3332051308,18.0,249.0,48.0,12.0,490.0
1311667819587670018,17.0,492.0,34.0,560.0,475.0
1443714384182722566,72.0,3.0,0.0,83.0,138.0
1373007894103388161,3.0,4.0,0.0,16.0,318.0
1449114665544560645,42.0,176.0,0.0,30.0,313.0
2802587613,1.0,26.0,3.0,38.0,352.0
1320223160172675073,1.0,0.0,0.0,1.0,464.0
1350194386840084480,3.0,2.0,0.0,6.0,388.0
1222379080894431233,218.0,0.0,117.0,482.0,471.0
1353180913480261632,320.0,850.0,0.0,193.0,477.0
1422576446212509714,0.0,0.0,0.0,0.0,438.0
226374210,5.0,10.0,0.0,5.0,298.0
4726390407,28.0,107.0,22.0,152.0,130.0
1423293649983471627,478.0,5.0,0.0,3.0,52.0
1386094672808919042,210.0,0.0,0.0,0.0,0.0
2229300930,1.0,0.0,0.0,7.0,463.0
63087591,4.0,14.0,1.0,17.0,289.0
1244655564917014529,39.0,1.0,0.0,36.0,176.0
715810256622850048,28.0,145.0,95.0,11.0,463.0
1183570693868285952,30.0,150.0,16.0,79.0,480.0
118540886,0.0,18.0,1.0,4.0,430.0
1262954303599398914,2.0,1.0,3.0,39.0,482.0
3119981346,0.0,411.0,2.0,1.0,448.0
938691589303496704,0.0,123.0,0.0,1.0,112.0
1427629074768437268,26.0,972.0,9.0,254.0,485.0
1179341204,3.0,5.0,1.0,0.0,438.0
1563796010,5.0,4.0,2.0,2.0,189.0
1398418200,0.0,360.0,0.0,10.0,0.0
1305581567595753474,0.0,12.0,1.0,37.0,175.0
1267293369564356609,0.0,12.0,0.0,0.0,243.0
1277528010845908993,4.0,7.0,1.0,9.0,212.0
15343464,0.0,3.0,0.0,2.0,375.0
1143344717838483456,16.0,66.0,2.0,24.0,489.0
410929442,16.0,1.0,4.0,26.0,170.0
823589136657330176,25.0,53.0,16.0,23.0,258.0
1559571656,1.0,16.0,0.0,8.0,481.0
64134151,7.0,8.0,1.0,36.0,492.0
3242265726,0.0,65.0,0.0,0.0,136.0
927350925911515136,17.0,70.0,21.0,96.0,473.0
1088024155352637445,71.0,311.0,119.0,99.0,0.0
386682961,0.0,107.0,0.0,2.0,208.0
162079227,1.0,235.0,0.0,38.0,481.0
460309686,12.0,29.0,2.0,8.0,478.0
703319740408860672,45.0,28.0,15.0,119.0,418.0
2367150738,4.0,433.0,38.0,71.0,490.0
19093356,0.0,3.0,0.0,1.0,480.0
1073961403,2.0,52.0,0.0,1.0,250.0
1424129512145629188,61.0,26.0,1.0,65.0,495.0
1410495103001452550,91.0,71.0,30.0,186.0,463.0
935806367268343810,1.0,57.0,6.0,129.0,480.0
2391301818,9.0,22.0,1.0,10.0,438.0
1438648775094964232,14.0,0.0,1.0,66.0,347.0
242656357,154.0,77.0,296.0,373.0,456.0
18181598,138.0,71.0,42.0,1070.0,470.0
17615071,29.0,23.0,15.0,30.0,288.0
947966094211534849,6.0,6.0,4.0,42.0,434.0
1447424383790710791,33.0,9.0,9.0,47.0,261.0
2282661852,20.0,56.0,26.0,9.0,98.0
259856075,3.0,4.0,0.0,57.0,467.0
4910032122,0.0,1.0,0.0,26.0,236.0
1191009431364001797,2.0,0.0,0.0,10.0,330.0
26231137,526.0,4.0,89.0,553.0,467.0
1399009163800424450,52.0,96.0,37.0,280.0,457.0
1216389858,6.0,42.0,0.0,10.0,209.0
305608445,42.0,19.0,6.0,96.0,311.0
949711938715639808,1.0,25.0,1.0,7.0,488.0
1374359628973178883,48.0,59.0,14.0,19.0,475.0
779851093412945920,102.0,4.0,48.0,420.0,466.0
2291029920,7.0,16.0,4.0,35.0,381.0
1369260763345346565,71.0,0.0,0.0,88.0,478.0
1443759497579728901,116.0,290.0,99.0,314.0,0.0
99128847,22.0,167.0,12.0,43.0,301.0
1042073078971297795,55.0,0.0,45.0,119.0,0.0
3313170556,4.0,24.0,1.0,17.0,413.0
1335219018765053956,3.0,46.0,0.0,44.0,368.0
50996298,13.0,8.0,11.0,4.0,496.0
1381589696266915841,20.0,3.0,53.0,338.0,228.0
1406547399150084098,98.0,25.0,5.0,22.0,97.0
16025147,55.0,35.0,9.0,42.0,426.0
3310826760,74.0,36.0,8.0,238.0,472.0
1115641559137931264,43.0,25.0,15.0,66.0,469.0
1181581406465490944,42.0,42.0,11.0,118.0,448.0
965152394584576001,179.0,44.0,6.0,655.0,417.0
5974742,2.0,14.0,1.0,5.0,493.0
3300883333,15.0,28.0,16.0,19.0,296.0
1433772022895558662,38.0,18.0,15.0,31.0,462.0
4299291317,33.0,31.0,6.0,183.0,467.0
697251575463550980,59.0,124.0,28.0,95.0,473.0
974712517250486272,34.0,11.0,2.0,231.0,208.0
2959786819,271.0,89.0,20.0,873.0,431.0
1256259424282386432,298.0,65.0,30.0,664.0,365.0
1295193837258727424,28.0,21.0,52.0,203.0,479.0
1251119660503674880,1.0,855.0,2.0,212.0,486.0
78801936,78.0,60.0,31.0,57.0,116.0
1917349034,98.0,70.0,83.0,246.0,487.0
427766081,29.0,204.0,51.0,201.0,0.0
488949776,18.0,45.0,36.0,153.0,465.0
2882386673,14.0,9.0,11.0,98.0,486.0
814612650051117056,11.0,67.0,15.0,25.0,255.0
107243260,2.0,11.0,0.0,0.0,465.0
47170532,0.0,0.0,9.0,22.0,490.0
2163194754,0.0,23.0,0.0,0.0,489.0
168710237,3.0,78.0,0.0,0.0,136.0
2335926330,0.0,0.0,0.0,0.0,308.0
865250042222870528,0.0,416.0,0.0,9.0,493.0
1044687185876865026,0.0,8.0,0.0,0.0,473.0
2300387966,13.0,0.0,163.0,57.0,29.0
1545130296,567.0,105.0,5.0,1.0,498.0
2739715572,26.0,19.0,14.0,24.0,447.0
23405918,5.0,39.0,0.0,31.0,470.0
831514643008933888,0.0,0.0,0.0,4.0,479.0
239506415,2.0,365.0,3.0,44.0,465.0
829510776335458304,7.0,231.0,4.0,72.0,487.0
636590820,29.0,333.0,13.0,230.0,0.0
23151898,44.0,461.0,86.0,666.0,471.0
16900232,246.0,457.0,5.0,5.0,48.0
41833651,8.0,0.0,0.0,131.0,474.0
16147499,10.0,1.0,211.0,11.0,299.0
87729749,14.0,194.0,28.0,34.0,468.0
118156479,4.0,673.0,178.0,52.0,0.0
323379087,1.0,72.0,2.0,1.0,463.0
397694029,23.0,86.0,21.0,78.0,473.0
849218888151728128,0.0,81.0,0.0,3.0,236.0
933499622,144.0,150.0,47.0,44.0,362.0
932462860227117056,0.0,0.0,0.0,0.0,471.0
55364344,895.0,181.0,28.0,0.0,198.0
1311269475765739520,151.0,10.0,0.0,0.0,273.0
706763,24.0,72.0,0.0,11.0,476.0
1324228032039542785,0.0,0.0,0.0,0.0,297.0
382662642,51.0,933.0,106.0,87.0,483.0
16073416,54.0,57.0,15.0,14.0,78.0
4708543217,19.0,117.0,10.0,22.0,487.0
204416862,1.0,34.0,7.0,11.0,335.0
188124948,17.0,436.0,1.0,15.0,141.0
67679542,11.0,150.0,6.0,3.0,301.0
2753375391,26.0,19.0,35.0,1082.0,480.0
915093224,10.0,486.0,13.0,84.0,465.0
524948166,32.0,20.0,2.0,6.0,424.0
222295005,51.0,57.0,7.0,24.0,201.0
1050668720022908928,29.0,15.0,8.0,295.0,475.0
167055908,34.0,183.0,12.0,83.0,484.0
1233368641837699074,17.0,418.0,86.0,208.0,486.0
205670342,116.0,184.0,7.0,24.0,54.0
1261334245500428288,154.0,59.0,0.0,60.0,174.0
247468847,1.0,11.0,3.0,13.0,476.0
1179124565223473152,5.0,4.0,2.0,5.0,238.0
2225701136,2.0,30.0,23.0,15.0,478.0
1283406524526653440,44.0,10.0,25.0,86.0,107.0
3092588547,8.0,25.0,7.0,17.0,238.0
1552807394,6.0,40.0,9.0,2.0,279.0
260933607,2.0,56.0,1.0,2.0,202.0
294837038,5.0,273.0,5.0,4.0,473.0
874823310,15.0,41.0,6.0,38.0,491.0
1684062175,5.0,14.0,1.0,1.0,296.0
2333039928,7.0,14.0,3.0,2.0,362.0
34745155,1.0,26.0,0.0,12.0,469.0
2378869974,193.0,123.0,10.0,32.0,187.0
85338992,1237.0,0.0,1.0,0.0,1.0
1317140221310488577,264.0,9.0,195.0,131.0,246.0
982643431024615424,3.0,119.0,24.0,14.0,262.0
595085706,25.0,268.0,88.0,41.0,487.0
34388092,7.0,49.0,3.0,2.0,262.0
19411930,5.0,162.0,20.0,56.0,392.0
17143808,1.0,6.0,1.0,3.0,252.0
980629942336737280,10.0,56.0,3.0,15.0,217.0
1075238727432224768,69.0,61.0,4.0,40.0,472.0
24972087,3.0,13.0,13.0,6.0,342.0
26800284,18.0,10.0,11.0,31.0,485.0
1348746333092421633,21.0,136.0,21.0,35.0,456.0
902227669126930432,0.0,5.0,0.0,10.0,489.0
1312030436076531712,10.0,2.0,3.0,59.0,182.0
112366416,5.0,59.0,6.0,4.0,310.0
320185770,14.0,126.0,42.0,122.0,474.0
1902549012,15.0,94.0,16.0,31.0,230.0
872826519906856961,32.0,19.0,13.0,25.0,199.0
928599099246632960,22.0,56.0,18.0,63.0,472.0
121557838,0.0,0.0,2.0,4.0,364.0
2967695522,1.0,5.0,0.0,1.0,331.0
15019621,2.0,6.0,3.0,30.0,483.0
1307327983439548418,42.0,50.0,40.0,525.0,484.0
546358213,11.0,170.0,28.0,19.0,479.0
1455925020815986695,0.0,0.0,0.0,17.0,273.0
338853124,12.0,819.0,5.0,392.0,449.0
955716386122186752,4.0,190.0,0.0,10.0,274.0
1280604709187969029,0.0,166.0,0.0,2.0,197.0
1413271033063354378,6.0,114.0,0.0,3.0,131.0
1438792078889213953,3.0,140.0,0.0,3.0,246.0
1437257532590886912,9.0,2.0,0.0,35.0,476.0
1389046638887555072,0.0,0.0,0.0,49.0,319.0
1195739216,0.0,538.0,0.0,50.0,489.0
1139545769113980928,16.0,73.0,1.0,20.0,98.0
718488183479132160,0.0,3.0,0.0,39.0,470.0
1378820805279289344,0.0,4.0,0.0,6.0,383.0
1033361873163440128,13.0,11.0,141.0,296.0,473.0
1083468678027464704,12.0,423.0,0.0,477.0,466.0
38002475,179.0,34.0,12.0,1.0,126.0
108788090,0.0,30.0,0.0,1.0,486.0
244674869,1.0,606.0,0.0,195.0,489.0
1171090317434662912,50.0,31.0,12.0,55.0,103.0
831695691932123136,0.0,136.0,0.0,83.0,494.0
901830902,3.0,1385.0,0.0,51.0,486.0
1444256295347884032,286.0,165.0,69.0,38.0,31.0
1405944656446246918,0.0,0.0,0.0,0.0,491.0
1191494095656693760,0.0,62.0,0.0,13.0,358.0
1118483544253140992,0.0,0.0,0.0,2.0,392.0
2840028141,24.0,102.0,159.0,123.0,248.0
1356001511197863944,1.0,1042.0,0.0,11.0,493.0
1035536950558699520,8.0,6.0,1.0,326.0,488.0
3653893877,52.0,276.0,369.0,1.0,488.0
836776638,0.0,1.0,0.0,1.0,466.0
1170012220056584194,0.0,518.0,0.0,4.0,484.0
865342868411559937,2.0,41.0,6.0,104.0,485.0
2200445335,28.0,244.0,19.0,316.0,496.0
1281960541582499841,3.0,10.0,3.0,183.0,489.0
816794030382190592,65.0,543.0,579.0,227.0,485.0
1432372847255638019,239.0,602.0,26.0,22.0,174.0
1439288262770704386,0.0,424.0,0.0,0.0,361.0
1249789870807101440,1.0,1.0,0.0,0.0,489.0
1429413817788870657,112.0,739.0,166.0,344.0,480.0
261515990,0.0,241.0,2.0,1.0,0.0
1425628707004243968,0.0,243.0,0.0,5.0,202.0
2831274544,1.0,137.0,2.0,1.0,168.0
3915782308,344.0,162.0,0.0,9.0,105.0
291628794,8.0,278.0,21.0,57.0,484.0
1411174373772480512,0.0,593.0,0.0,2.0,198.0
1354547468596293635,2.0,34.0,0.0,1.0,231.0
1279616328421146625,23.0,626.0,44.0,305.0,485.0
975451088294989824,54.0,16.0,26.0,31.0,161.0
1314950997521969152,1.0,854.0,0.0,5.0,493.0
1426548619629453312,18.0,1297.0,151.0,16.0,484.0
2966456726,10.0,35.0,4.0,6.0,481.0
537791908,147.0,449.0,157.0,388.0,476.0
60103619,4.0,7.0,1.0,1.0,400.0
2358428928,32.0,2.0,2.0,6.0,431.0
431272868,12.0,3.0,3.0,7.0,297.0
1062914186987094017,8.0,119.0,7.0,239.0,481.0
1387813867,9.0,52.0,21.0,74.0,468.0
2432950610,10.0,166.0,94.0,3.0,486.0
799290689544658944,0.0,0.0,0.0,0.0,300.0
1153890191330795520,0.0,1457.0,2.0,0.0,0.0
3041748070,50.0,81.0,29.0,15.0,479.0
196598347,44.0,45.0,54.0,285.0,476.0
709317036,76.0,23.0,9.0,270.0,448.0
285823842,42.0,78.0,25.0,131.0,462.0
1348945248135700484,0.0,56.0,0.0,42.0,477.0
1177697089,13.0,39.0,0.0,1.0,171.0
1245005825426554887,28.0,12.0,1.0,97.0,478.0
775700682326151168,251.0,1158.0,68.0,0.0,487.0
3773460676,2.0,172.0,2.0,0.0,191.0
860865919014363136,45.0,114.0,38.0,122.0,294.0
622329547,29.0,434.0,9.0,252.0,0.0
35577635,2.0,8.0,3.0,6.0,369.0
3161685786,18.0,53.0,0.0,104.0,431.0
1312219652194529280,13.0,109.0,6.0,324.0,477.0
2984892304,7.0,13.0,1.0,15.0,382.0
1249804564360019969,0.0,4.0,0.0,0.0,465.0
28023213,56.0,53.0,56.0,243.0,481.0
457487400,8.0,56.0,2.0,289.0,437.0
16224080,795.0,258.0,4.0,10.0,484.0
24098188,93.0,334.0,36.0,461.0,0.0
925495995856834560,76.0,39.0,10.0,11.0,138.0
68645567,16.0,186.0,222.0,448.0,496.0
1392148321935011845,0.0,426.0,0.0,15.0,450.0
289139868,88.0,103.0,18.0,70.0,482.0
1417343967239176192,8.0,46.0,5.0,1.0,413.0
560987953,18.0,16.0,7.0,0.0,244.0
1389621771163377664,460.0,287.0,0.0,573.0,493.0
1035902150331785217,73.0,312.0,31.0,7.0,423.0
1384131854169640964,6.0,0.0,0.0,0.0,324.0
1399749392635207691,1.0,30.0,0.0,9.0,450.0
1260240313437700096,0.0,976.0,0.0,0.0,481.0
1248044560040615936,1.0,1.0,16.0,152.0,496.0
1235123514278957057,3.0,12.0,2.0,6.0,454.0
2974924891,1.0,161.0,0.0,0.0,414.0
3420053949,1.0,90.0,3.0,28.0,236.0
1352284270270828569,100.0,97.0,22.0,119.0,216.0
831613188122763265,20.0,720.0,0.0,411.0,467.0
31237372,170.0,494.0,54.0,401.0,477.0
3401410763,0.0,7.0,0.0,4.0,192.0
159948741,1.0,107.0,1.0,2.0,236.0
759082679409242116,62.0,88.0,0.0,245.0,494.0
987146541310906368,14.0,26.0,10.0,30.0,182.0
58042349,239.0,16.0,50.0,124.0,191.0
2515866923,854.0,641.0,0.0,0.0,23.0
785660327958577152,1.0,28.0,6.0,7.0,490.0
1415039117205835777,40.0,53.0,10.0,207.0,36.0
182800239,0.0,0.0,0.0,0.0,295.0
264404537,0.0,49.0,2.0,12.0,462.0
3146352586,0.0,0.0,0.0,0.0,494.0
860583618,30.0,208.0,63.0,4.0,465.0
1405667646000017415,14.0,56.0,15.0,57.0,453.0
1422832195132088321,0.0,69.0,0.0,0.0,490.0
4824257444,26.0,26.0,0.0,177.0,448.0
857648113745580032,0.0,94.0,0.0,0.0,493.0
768274080449630209,15.0,736.0,9.0,3.0,459.0
909458517962129408,11.0,234.0,0.0,4.0,430.0
1437875623632855040,102.0,704.0,10.0,61.0,410.0
1434710892407517185,236.0,476.0,628.0,29.0,470.0
1355359382972882947,4.0,212.0,0.0,27.0,441.0
1317023875,9.0,27.0,0.0,4.0,160.0
992729733887602688,3.0,0.0,0.0,381.0,1.0
95263136,0.0,342.0,0.0,30.0,495.0
1280332404851462146,54.0,0.0,0.0,0.0,170.0
1437109967920812040,29.0,21.0,0.0,14.0,291.0
14747430,54.0,1278.0,52.0,95.0,0.0
1322911262997573634,150.0,8.0,171.0,0.0,10.0
1235333118950813698,7.0,911.0,1.0,375.0,474.0
1436664755826020354,89.0,170.0,135.0,133.0,446.0
1202122248,20.0,225.0,4.0,60.0,215.0
1637719063,40.0,51.0,7.0,28.0,473.0
3342954622,0.0,64.0,1.0,0.0,486.0
282066018,5.0,154.0,8.0,8.0,174.0
909158210,1.0,44.0,4.0,62.0,252.0
959074945144967169,57.0,238.0,42.0,161.0,478.0
1175948180321710080,1.0,38.0,0.0,5.0,478.0
348740027,35.0,17.0,25.0,21.0,470.0
12787442,5.0,25.0,3.0,3.0,317.0
32283096,1.0,285.0,7.0,84.0,490.0
1060624638538117128,3.0,14.0,1.0,1.0,199.0
875534581021253632,30.0,24.0,9.0,232.0,474.0
38891739,104.0,427.0,56.0,123.0,0.0
1456830691551809540,14.0,850.0,2.0,5.0,472.0
746478818,0.0,0.0,0.0,10.0,428.0
1095446124020805634,4.0,62.0,0.0,9.0,446.0
875145739822936065,0.0,5.0,0.0,2.0,264.0
859501645821902848,4.0,570.0,0.0,0.0,456.0
1374806324073132039,10.0,1.0,6.0,72.0,445.0
1098951649270419457,48.0,11.0,1.0,203.0,456.0
1437339289277321217,66.0,155.0,17.0,45.0,454.0
707746916,0.0,1315.0,0.0,104.0,458.0
1250171813499244544,0.0,1.0,1.0,6.0,200.0
1260329382004039683,6.0,30.0,0.0,6.0,454.0
1191473948703236096,8.0,179.0,14.0,47.0,451.0
1020785021974560769,272.0,270.0,114.0,236.0,471.0
866188921,20.0,381.0,3.0,11.0,404.0
2750435528,32.0,98.0,21.0,17.0,438.0
1294001319964024833,60.0,220.0,6.0,385.0,483.0
1104065260053508097,0.0,171.0,0.0,1.0,460.0
1220276056252461058,1.0,0.0,0.0,2.0,399.0
1140145431130845185,34.0,1.0,0.0,60.0,307.0
814198863129092096,0.0,25.0,0.0,0.0,448.0
2443395144,1.0,0.0,0.0,36.0,287.0
137365137,6.0,4.0,0.0,117.0,137.0
1357085263659425796,3.0,51.0,0.0,83.0,490.0
1379548606529732613,192.0,11.0,0.0,1.0,33.0
95941385,169.0,99.0,82.0,113.0,490.0
1255110499253071872,223.0,33.0,0.0,130.0,43.0
257061773,28.0,132.0,0.0,635.0,0.0
198942003,1.0,2.0,0.0,1.0,441.0
1099145059667271681,11.0,34.0,7.0,2.0,476.0
1355626717667323904,9.0,4.0,8.0,337.0,0.0
84205238,37.0,165.0,16.0,17.0,481.0
176167209,34.0,1027.0,26.0,32.0,485.0
291729565,57.0,118.0,31.0,131.0,476.0
203084220,27.0,42.0,39.0,31.0,482.0
2233376276,1.0,1464.0,1.0,10.0,493.0
265078612,0.0,0.0,0.0,0.0,488.0
746411866436448256,0.0,134.0,0.0,0.0,488.0
2671251373,0.0,2.0,0.0,21.0,486.0
125016547,43.0,221.0,68.0,275.0,124.0
1395797029419372552,4.0,53.0,0.0,194.0,258.0
1461626263572033537,29.0,87.0,1.0,4.0,185.0
4060788921,293.0,261.0,0.0,1.0,254.0
1295194146571984899,20.0,1414.0,31.0,17.0,0.0
16931968,112.0,989.0,150.0,172.0,166.0
2677723632,2.0,0.0,1.0,22.0,178.0
1388713930697199617,2.0,4.0,0.0,18.0,209.0
1267980975839076352,0.0,5.0,0.0,6.0,472.0
1382624633808154624,0.0,0.0,1.0,1000.0,0.0
1282384391268950027,2.0,475.0,0.0,16.0,432.0
1383058616689770496,2.0,557.0,0.0,3.0,464.0
2157001081,27.0,199.0,68.0,563.0,0.0
19995516,0.0,356.0,12.0,11.0,0.0
25762671,0.0,742.0,0.0,0.0,466.0
1410535529884626948,36.0,10.0,0.0,211.0,415.0
1343003338627928065,84.0,0.0,0.0,0.0,487.0
819388674290761728,0.0,2.0,0.0,55.0,199.0
1364614989407916032,1.0,983.0,0.0,127.0,462.0
822261544255897600,0.0,5.0,0.0,0.0,459.0
54656439,53.0,42.0,48.0,532.0,472.0
138222192,0.0,56.0,0.0,5.0,308.0
274305717,138.0,265.0,62.0,226.0,439.0
998599379245297664,5.0,174.0,9.0,56.0,374.0
10825952,27.0,75.0,5.0,8.0,345.0
678403,231.0,286.0,18.0,64.0,487.0
36435278,124.0,304.0,12.0,541.0,0.0
797771846980509696,75.0,138.0,44.0,337.0,0.0
1253180304245665793,16.0,1.0,11.0,47.0,185.0
1369797984775335938,0.0,1.0,0.0,14.0,189.0
111613929,72.0,33.0,64.0,207.0,494.0
1271811297114574849,0.0,354.0,1.0,11.0,491.0
965717978095304705,1.0,0.0,0.0,11.0,476.0
2588317334,0.0,0.0,0.0,3.0,374.0
574741302,11.0,4.0,1.0,119.0,464.0
1160994871,119.0,166.0,97.0,336.0,0.0
244508213,0.0,154.0,0.0,21.0,214.0
1385013812,4.0,25.0,8.0,14.0,490.0
5507572,77.0,64.0,55.0,162.0,445.0
11470032,17.0,106.0,62.0,35.0,484.0
204894978,208.0,194.0,32.0,475.0,0.0
25805685,40.0,724.0,22.0,476.0,486.0
34793240,440.0,130.0,169.0,287.0,464.0
1022356904,10.0,260.0,71.0,436.0,484.0
21699092,3.0,89.0,14.0,73.0,485.0
27143315,0.0,0.0,0.0,0.0,480.0
1324298862,0.0,7.0,0.0,0.0,337.0
1323004677944999936,4.0,0.0,2.0,91.0,159.0
924004669600526342,17.0,92.0,8.0,14.0,339.0
399640561,2.0,36.0,0.0,24.0,458.0
1243943147744436225,0.0,0.0,0.0,1.0,471.0
463375205,20.0,2.0,0.0,198.0,485.0
273008327,11.0,31.0,0.0,15.0,382.0
1096586130454122496,19.0,53.0,0.0,25.0,447.0
51491763,34.0,586.0,96.0,155.0,495.0
968128924600471552,7.0,450.0,1.0,49.0,488.0
15236385,3.0,486.0,5.0,7.0,477.0
1976841,62.0,0.0,21.0,57.0,495.0
40103166,203.0,73.0,6.0,9.0,151.0
1260814795567235072,0.0,103.0,0.0,0.0,486.0
2589780541,9.0,196.0,1.0,14.0,235.0
1305555201122799616,80.0,242.0,10.0,22.0,481.0
1403041911326363649,11.0,569.0,3.0,2.0,489.0
932177286,22.0,229.0,0.0,9.0,242.0
49254950,3.0,4.0,0.0,10.0,402.0
16659187,291.0,277.0,74.0,181.0,485.0
1112092829088665605,65.0,742.0,11.0,460.0,459.0
16656631,24.0,590.0,71.0,53.0,0.0
2734381938,44.0,153.0,8.0,3.0,246.0
76047938,298.0,960.0,12.0,11.0,482.0
1081093148447772672,46.0,128.0,60.0,82.0,471.0
1314697650516758528,61.0,12.0,29.0,312.0,460.0
1247657082536382465,46.0,51.0,5.0,31.0,464.0
29377968,67.0,1013.0,216.0,138.0,307.0
351680544,2.0,4.0,0.0,2.0,488.0
1387753995528192007,246.0,183.0,25.0,11.0,490.0
1378837667484471301,0.0,1351.0,0.0,0.0,484.0
1427992149174407170,11.0,273.0,0.0,12.0,295.0
1367885073878552580,0.0,12.0,0.0,0.0,192.0
1348895253667803137,75.0,2.0,0.0,4.0,200.0
1210018209899921408,47.0,33.0,38.0,94.0,321.0
1693195712,58.0,28.0,9.0,7.0,137.0
1179390984209272833,10.0,394.0,0.0,0.0,330.0
95321062,496.0,283.0,13.0,69.0,484.0
872066192,42.0,74.0,74.0,24.0,492.0
422845374,1.0,90.0,2.0,9.0,493.0
3804884121,21.0,25.0,13.0,4.0,152.0
1376804516985769985,495.0,60.0,0.0,0.0,0.0
1417923170825383940,22.0,41.0,0.0,1.0,222.0
1213794372736565254,92.0,81.0,0.0,5.0,93.0
1455501598432575489,6.0,0.0,0.0,53.0,486.0
1360414286737117188,0.0,0.0,0.0,0.0,223.0
4146729802,0.0,5.0,0.0,7.0,274.0
1420837611392876549,13.0,235.0,8.0,26.0,303.0
461172816,0.0,0.0,0.0,0.0,423.0
1460794474406232070,35.0,18.0,16.0,0.0,326.0
869566059665293312,0.0,0.0,0.0,48.0,221.0
875066292109266944,2.0,6.0,0.0,3.0,206.0
1426050657115463683,71.0,253.0,0.0,826.0,325.0
105189226,161.0,225.0,42.0,32.0,436.0
782605240071811072,19.0,1431.0,3.0,5.0,45.0
517563032,12.0,50.0,7.0,30.0,157.0
1237749762712952832,0.0,0.0,0.0,0.0,492.0
724635419393036288,73.0,171.0,2.0,1.0,296.0
1200851414748160002,0.0,0.0,0.0,0.0,449.0
1266313179967246336,11.0,9.0,0.0,904.0,487.0
1447555443426013185,55.0,191.0,39.0,332.0,0.0
1435892713774329856,66.0,976.0,51.0,210.0,457.0
26381575,68.0,167.0,0.0,12.0,230.0
1400130216631181317,1.0,1361.0,0.0,4.0,126.0
1257652185225211904,21.0,0.0,0.0,303.0,479.0
46486882,5.0,4.0,6.0,12.0,483.0
1367229492977147909,9.0,135.0,19.0,85.0,0.0
1002586864447053825,2.0,27.0,2.0,41.0,468.0
1427196311787368449,1.0,1372.0,9.0,73.0,0.0
1446076594569756674,9.0,1.0,0.0,224.0,329.0
1292062049372004355,3.0,86.0,4.0,94.0,161.0
2474611284,1.0,0.0,0.0,1.0,461.0
2920100438,1.0,10.0,0.0,17.0,445.0
22165573,0.0,50.0,0.0,0.0,439.0
1438177453235527681,42.0,195.0,0.0,166.0,457.0
38106640,14.0,40.0,6.0,49.0,472.0
1164161523914280960,1.0,13.0,0.0,4.0,473.0
353589906,0.0,76.0,0.0,1.0,398.0
15193541,34.0,267.0,71.0,47.0,475.0
1176281864946032641,1.0,24.0,0.0,1.0,205.0
1381761170286145537,2.0,36.0,0.0,39.0,262.0
1397861791141609472,45.0,64.0,16.0,58.0,470.0
55004056,11.0,260.0,0.0,0.0,281.0
37170916,13.0,618.0,0.0,1.0,471.0
1435732997047738370,1.0,1.0,0.0,7.0,460.0
1428325006904229888,20.0,23.0,0.0,10.0,471.0
1121570359357190144,8.0,21.0,1.0,20.0,377.0
3160682797,1.0,91.0,0.0,109.0,113.0
1461531461127970819,64.0,177.0,102.0,59.0,0.0
1223317573120548864,51.0,642.0,34.0,752.0,486.0
1436219005216374784,415.0,117.0,43.0,296.0,466.0
875604008274075648,53.0,103.0,15.0,14.0,471.0
14165669,2.0,127.0,0.0,25.0,131.0
4758474620,0.0,2.0,0.0,1.0,482.0
2930637596,4.0,30.0,0.0,9.0,376.0
2690839350,5.0,30.0,1.0,113.0,467.0
473482333,9.0,117.0,21.0,48.0,475.0
1227422683987685377,61.0,198.0,25.0,148.0,475.0
1308732134459191296,111.0,60.0,6.0,571.0,0.0
1404479568841351171,2.0,681.0,4.0,18.0,961.0
1399336647095853059,79.0,24.0,18.0,83.0,11.0
1277540514099867648,84.0,253.0,156.0,716.0,488.0
1193151343025721344,0.0,16.0,0.0,0.0,488.0
1096678265375334401,1.0,47.0,4.0,4.0,485.0
17507659,318.0,177.0,31.0,28.0,0.0
16181937,108.0,24.0,104.0,123.0,325.0
343990983,48.0,312.0,33.0,318.0,0.0
356655441,82.0,36.0,38.0,210.0,278.0
1465700762957221907,56.0,13.0,5.0,77.0,202.0
1423902046038544387,6.0,37.0,25.0,77.0,476.0
842512092972421122,15.0,1379.0,6.0,58.0,116.0
1942348652,5.0,10.0,17.0,69.0,488.0
6111862,20.0,132.0,24.0,159.0,481.0
25825267,321.0,488.0,141.0,206.0,465.0
1429031979979264000,0.0,0.0,0.0,58.0,378.0
3185056135,3.0,0.0,1.0,17.0,471.0
379492630,45.0,34.0,15.0,14.0,476.0
1007251,9.0,53.0,9.0,23.0,475.0
813136526888632320,27.0,4.0,7.0,159.0,376.0
2766557019,32.0,95.0,4.0,21.0,292.0
1286892881702076418,10.0,28.0,0.0,32.0,479.0
117218629,187.0,212.0,103.0,135.0,463.0
346965160,85.0,71.0,46.0,87.0,468.0
61558046,181.0,163.0,139.0,252.0,474.0
827931248458764289,0.0,2.0,0.0,1.0,491.0
16885564,157.0,203.0,117.0,118.0,155.0
1083750804601724929,8.0,2.0,0.0,5.0,486.0
774714235351957504,73.0,34.0,8.0,71.0,462.0
1412566951,29.0,414.0,28.0,457.0,0.0
141769954,67.0,24.0,30.0,139.0,451.0
1374718855465951233,9.0,4.0,2.0,51.0,494.0
710835140684095488,51.0,120.0,30.0,210.0,483.0
292620826,50.0,697.0,139.0,380.0,0.0
43810494,1.0,9.0,3.0,7.0,187.0
174693533,74.0,1.0,1.0,199.0,60.0
235718672,38.0,697.0,57.0,13.0,0.0
25439268,0.0,0.0,0.0,0.0,247.0
1272912487,4.0,96.0,8.0,16.0,464.0
1131191527097552897,57.0,111.0,21.0,86.0,478.0
1351640732965113858,12.0,2.0,1.0,21.0,405.0
612054543,10.0,41.0,18.0,197.0,470.0
466533797,0.0,16.0,0.0,1.0,481.0
45370415,0.0,0.0,0.0,2.0,377.0
451914096,13.0,3.0,4.0,31.0,472.0
15790927,180.0,686.0,205.0,299.0,0.0
701866563268378626,13.0,232.0,0.0,14.0,488.0
1139845881145044993,1.0,152.0,0.0,15.0,176.0
298512753,2.0,128.0,0.0,2.0,207.0
23335196,14.0,528.0,8.0,86.0,476.0
2435948024,11.0,18.0,6.0,10.0,339.0
894206082,369.0,233.0,77.0,283.0,410.0
1157301002665697280,0.0,0.0,0.0,2.0,269.0
104594648,7.0,6.0,5.0,7.0,480.0
2794634298,13.0,1446.0,0.0,0.0,0.0
3258245119,7.0,6.0,4.0,2.0,441.0
341227407,716.0,309.0,18.0,28.0,481.0
1062079334305931264,617.0,331.0,125.0,162.0,459.0
825395438027145217,18.0,52.0,7.0,1.0,328.0
555247901,2.0,11.0,2.0,0.0,211.0
1332646422320177153,12.0,13.0,3.0,166.0,382.0
